match_no,batter,runs,balls,strike_rate,batter_id
1,Ambati Rayudu,12,12,100.0,20
1,Ben S,7,6,116.66666666666667,35
1,Devon Conway,2,6,33.333333333333336,54
1,Hardik Pandya,8,11,72.72727272727273,68
1,MS Dhoni,14,7,200.0,120
1,Mitchell Santner,2,3,66.66666666666667,136
1,Moeen Ali,24,17,141.1764705882353,137
1,Rahul Tewatia,20,15,133.33333333333334,178
1,Rashid Khan,10,3,333.3333333333333,181
1,Ravindra Jadeja,1,2,50.0,184
1,Ruturaj Gaikwad,92,50,184.0,195
1,Sai Sudharsan,23,17,135.2941176470588,201
1,Shivam Dube,24,18,133.33333333333334,212
1,Shubman Gill,64,36,177.77777777777777,213
1,Vijay Shankar,29,23,126.08695652173913,235
1,Wriddhiman Saha,28,17,164.7058823529412,244
2,Andre Russell,36,19,189.47368421052633,22
2,Anukul Roy,4,5,80.0,26
2,Bhanuka Rajapaksa,51,32,159.375,36
2,Jitesh Sharma,21,11,190.9090909090909,87
2,Mandeep Singh,2,4,50.0,124
2,Nitish Rana,26,17,152.94117647058823,155
2,Prabhsimran Singh,23,12,191.66666666666666,163
2,Rahmanullah Gurbaz,22,16,137.5,176
2,Rinku Singh,4,4,100.0,188
2,Sam Curran,27,18,150.0,202
2,Shahrukh Khan,11,7,157.14285714285714,208
2,Shardul Thakur,8,3,266.6666666666667,209
2,Shikhar Dhawan,42,30,140.0,210
2,Sikandar Raza,16,13,123.07692307692308,214
2,Sunil Narine,7,2,350.0,216
2,Venkatesh Iyer,37,29,127.58620689655173,234
3,Aman Hakim Khan,4,5,80.0,19
3,Axar Patel,16,11,145.45454545454547,32
3,Ayush Badoni,20,9,222.22222222222223,33
3,Chetan Sakariya,4,4,100.0,41
3,David Warner,59,51,115.68627450980392,48
3,Deepak Hooda,17,18,94.44444444444444,52
3,KL Rahul,9,12,75.0,94
3,Krishnappa Gowtham,6,1,600.0,102
3,Krunal Pandya,18,14,128.57142857142858,103
3,Kuldeep Yadav,11,11,100.0,105
3,Kyle Mayers,73,38,192.10526315789474,109
3,Marcus S,12,10,120.0,127
3,Mitchell Marsh,0,1,0.0,135
3,Mukesh Kumar,0,1,0.0,143
3,Nicholas Pooran,38,23,165.2173913043478,153
3,Prithvi Shaw,13,10,130.0,166
3,Rilee Rossouw,30,20,150.0,186
3,Rovman Powell,1,3,33.333333333333336,194
3,Sarfaraz Khan,5,9,55.55555555555556,206
4,Abdul Samad,35,33,106.06060606060606,6
4,Abhishek Sharma,0,3,0.0,8
4,Adil Rashid,20,14,142.85714285714286,11
4,Bhuvneshwar Kumar,6,10,60.0,37
4,Devdutt Padikkal,1,3,33.333333333333336,53
4,Glenn Phillips,8,6,133.33333333333334,65
4,Harry Brook,13,21,61.904761904761905,71
4,Jos Buttler,41,18,227.77777777777777,90
4,Mayank Agarwal,28,24,116.66666666666667,131
4,Rahul Tripathi,0,2,0.0,179
4,Ravichandran Ashwin,5,2,250.0,183
4,Riyan Parag,8,6,133.33333333333334,191
4,Sanju Samson,47,27,174.07407407407408,204
4,Shimron Hetmyer,22,16,137.5,211
4,Umran Malik,20,8,250.0,229
4,Washing,1,5,20.0,242
4,Yashasvi Jaiswal,47,32,146.875,249
4,n Sundar,32,18,177.77777777777777,254
5,Arshad Khan,15,9,166.66666666666666,28
5,Cameron Green,5,4,125.0,40
5,Dinesh Karthik,0,3,0.0,56
5,Faf du Plessis,74,43,172.09302325581396,60
5,Glenn Maxwell,12,3,400.0,64
5,Hrithik Shokeen,5,3,166.66666666666666,76
5,Ishan Kishan,10,13,76.92307692307692,78
5,Nehal Wadhera,21,13,161.53846153846155,152
5,Rohit Sharma,1,10,10.0,192
5,Suryakumar Yadav,16,17,94.11764705882354,217
5,Tilak Varma,93,53,175.47169811320754,222
5,Tim David,5,8,62.5,223
5,Virat Kohli,86,53,162.26415094339623,237
6,Ambati Rayudu,27,14,192.85714285714286,20
6,Ayush Badoni,24,19,126.3157894736842,33
6,Ben S,9,9,100.0,35
6,Deepak Hooda,2,6,33.333333333333336,52
6,Devon Conway,54,30,180.0,54
6,KL Rahul,17,16,106.25,94
6,Krishnappa Gowtham,26,18,144.44444444444446,102
6,Krunal Pandya,10,9,111.11111111111111,103
6,Kyle Mayers,45,23,195.65217391304347,109
6,MS Dhoni,12,3,400.0,120
6,Marcus S,21,18,116.66666666666667,127
6,Mark Wood,10,3,333.3333333333333,128
6,Mitchell Santner,1,1,100.0,136
6,Moeen Ali,19,13,146.15384615384616,137
6,Nicholas Pooran,32,18,177.77777777777777,153
6,Ravindra Jadeja,5,6,83.33333333333333,184
6,Ruturaj Gaikwad,63,32,196.875,195
6,Shivam Dube,27,16,168.75,212
6,kes,18,6,300.0,253
7,Abishek Porel,20,11,181.8181818181818,9
7,Aman Hakim Khan,8,8,100.0,19
7,Anrich Nortje,4,2,200.0,24
7,Axar Patel,36,22,163.63636363636363,32
7,David Miller,33,18,183.33333333333334,47
7,David Warner,45,36,125.0,48
7,Hardik Pandya,6,4,150.0,68
7,Kuldeep Yadav,1,1,100.0,105
7,Mitchell Marsh,4,4,100.0,135
7,Prithvi Shaw,10,6,166.66666666666666,166
7,Rilee Rossouw,0,1,0.0,186
7,Sai Sudharsan,64,49,130.6122448979592,201
7,Sarfaraz Khan,34,34,100.0,206
7,Shubman Gill,15,13,115.38461538461539,213
7,Vijay Shankar,31,24,129.16666666666666,235
7,Wriddhiman Saha,14,7,200.0,244
8,Bhanuka Rajapaksa,1,1,100.0,36
8,Devdutt Padikkal,22,27,81.48148148148148,53
8,Dhruv Jurel,34,16,212.5,55
8,Jason Holder,1,1,100.0,83
8,Jitesh Sharma,28,17,164.7058823529412,87
8,Jos Buttler,19,11,172.72727272727272,90
8,Prabhsimran Singh,62,36,172.22222222222223,163
8,Ravichandran Ashwin,0,4,0.0,183
8,Riyan Parag,20,12,166.66666666666666,191
8,Sam Curran,1,2,50.0,202
8,Sanju Samson,47,26,180.76923076923077,204
8,Shahrukh Khan,13,10,130.0,208
8,Shikhar Dhawan,91,59,154.23728813559322,210
8,Shimron Hetmyer,36,18,200.0,211
8,Sikandar Raza,1,2,50.0,214
8,Yashasvi Jaiswal,13,10,130.0,249
9,Akash Deep,17,8,212.5,14
9,Andre Russell,0,1,0.0,22
9,Anuj Rawat,1,5,20.0,25
9,David Willey,20,20,100.0,50
9,Dinesh Karthik,10,9,111.11111111111111,56
9,Faf du Plessis,23,12,191.66666666666666,60
9,Glenn Maxwell,5,7,71.42857142857143,64
9,Harshal Patel,0,2,0.0,72
9,Karn Sharma,1,3,33.333333333333336,98
9,Mandeep Singh,0,1,0.0,124
9,Michael Bracewell,20,18,111.11111111111111,134
9,Nitish Rana,1,5,20.0,155
9,Rahmanullah Gurbaz,73,47,155.31914893617022,176
9,Rinku Singh,51,35,145.71428571428572,188
9,Shahbaz Ahmed,5,5,100.0,207
9,Shardul Thakur,69,30,230.0,209
9,Sunil Narine,1,1,100.0,216
9,Umesh Yadav,6,2,300.0,228
9,Venkatesh Iyer,3,7,42.857142857142854,234
9,Virat Kohli,21,18,116.66666666666667,237
10,Abdul Samad,21,10,210.0,6
10,Adil Rashid,4,3,133.33333333333334,11
10,Aiden Markram,0,1,0.0,12
10,Anmolpreet Singh,32,27,118.51851851851852,23
10,Deepak Hooda,9,9,100.0,52
10,Harry Brook,3,4,75.0,71
10,KL Rahul,35,29,120.6896551724138,94
10,Krunal Pandya,38,25,152.0,103
10,Kyle Mayers,8,11,72.72727272727273,109
10,Marcus S,15,14,107.14285714285714,127
10,Mayank Agarwal,8,7,114.28571428571429,131
10,Nicholas Pooran,11,6,183.33333333333334,153
10,Rahul Tripathi,36,41,87.8048780487805,179
10,Romario Shepherd,0,1,0.0,193
10,Washing,17,29,58.62068965517241,242
10,n Sundar,11,6,183.33333333333334,254
11,Abishek Porel,8,9,88.88888888888889,9
11,Anrich Nortje,0,1,0.0,24
11,Axar Patel,4,7,57.142857142857146,32
11,David Warner,70,59,118.64406779661017,48
11,Dhruv Jurel,8,3,266.6666666666667,55
11,Jos Buttler,80,51,156.86274509803923,90
11,Kuldeep Yadav,3,7,42.857142857142854,105
11,Lalit Yadav,39,25,156.0,110
11,Manish Pandey,0,1,0.0,125
11,Mukesh Kumar,1,1,100.0,143
11,Prithvi Shaw,0,3,0.0,166
11,Rilee Rossouw,15,13,115.38461538461539,186
11,Riyan Parag,8,12,66.66666666666667,191
11,Rovman Powell,2,2,100.0,194
11,Sanju Samson,0,4,0.0,204
11,Shimron Hetmyer,40,21,190.47619047619048,211
11,Yashasvi Jaiswal,63,33,190.9090909090909,249
12,Ajinkya Rahane,65,27,240.74074074074073,13
12,Ambati Rayudu,21,17,123.52941176470588,20
12,Arshad Khan,2,4,50.0,28
12,Cameron Green,12,11,109.0909090909091,40
12,Devon Conway,0,4,0.0,54
12,Hrithik Shokeen,4,4,100.0,76
12,Ishan Kishan,34,22,154.54545454545453,78
12,Piyush Chawla,3,3,100.0,162
12,Rohit Sharma,21,13,161.53846153846155,192
12,Ruturaj Gaikwad,45,40,112.5,195
12,Shivam Dube,28,26,107.6923076923077,212
12,Suryakumar Yadav,1,2,50.0,217
12,Tilak Varma,20,15,133.33333333333334,222
12,Tim David,27,16,168.75,223
12,Tristan Stubbs,4,7,57.142857142857146,226
12,rius,29,28,103.57142857142857,256
13,Abhinav Manohar,14,8,175.0,7
13,Andre Russell,1,2,50.0,22
13,David Miller,3,3,100.0,47
13,Narayan Jagadeesan,6,8,75.0,148
13,Nitish Rana,46,29,158.6206896551724,155
13,Rahmanullah Gurbaz,15,12,125.0,176
13,Rinku Singh,50,23,217.3913043478261,188
13,Sai Sudharsan,54,39,138.46153846153845,201
13,Shardul Thakur,0,1,0.0,209
13,Shubman Gill,45,33,136.36363636363637,213
13,Sunil Narine,0,1,0.0,216
13,Umesh Yadav,5,6,83.33333333333333,228
13,Venkatesh Iyer,84,41,204.8780487804878,234
13,Vijay Shankar,65,24,270.8333333333333,235
13,Wriddhiman Saha,23,20,115.0,244
14,Aiden Markram,37,21,176.1904761904762,12
14,Harpreet Brar,1,2,50.0,69
14,Harry Brook,13,14,92.85714285714286,71
14,Jitesh Sharma,4,9,44.44444444444444,87
14,Matthew Short,3,5,60.0,130
14,Mayank Agarwal,21,20,105.0,131
14,Mohit Rathee,1,2,50.0,140
14,Nathan Ellis,0,5,0.0,149
14,Prabhsimran Singh,0,1,0.0,163
14,Rahul Chahar,0,8,0.0,177
14,Rahul Tripathi,74,48,154.16666666666666,179
14,Sam Curran,17,12,141.66666666666666,202
14,Shahrukh Khan,4,3,133.33333333333334,208
14,Shikhar Dhawan,101,65,155.3846153846154,210
14,Sikandar Raza,6,7,85.71428571428571,214
14,n Sundar,6,6,100.0,254
15,Avesh Khan,1,1,100.0,31
15,Ayush Badoni,37,29,127.58620689655173,33
15,Deepak Hooda,14,11,127.27272727272727,52
15,Dinesh Karthik,1,1,100.0,56
15,Faf du Plessis,86,48,179.16666666666666,60
15,Glenn Maxwell,61,30,203.33333333333334,64
15,Jaydev Unadkat,9,7,128.57142857142858,86
15,KL Rahul,18,20,90.0,94
15,Krunal Pandya,0,2,0.0,103
15,Kyle Mayers,1,4,25.0,109
15,Marcus S,66,31,212.90322580645162,127
15,Mark Wood,1,2,50.0,128
15,Nicholas Pooran,63,20,315.0,153
15,Ravi Bishnoi,3,2,150.0,182
15,Virat Kohli,64,45,142.22222222222223,237
16,Abishek Porel,1,3,33.333333333333336,9
16,Anrich Nortje,5,3,166.66666666666666,24
16,Axar Patel,57,27,211.11111111111111,32
16,Cameron Green,17,8,212.5,40
16,David Warner,52,47,110.63829787234043,48
16,Ishan Kishan,32,27,118.51851851851852,78
16,Kuldeep Yadav,0,1,0.0,105
16,Lalit Yadav,2,4,50.0,110
16,Manish Pandey,32,19,168.42105263157896,125
16,Mustafizur Rahman,1,1,100.0,145
16,Prithvi Shaw,16,11,145.45454545454547,166
16,Rohit Sharma,69,45,153.33333333333334,192
16,Rovman Powell,4,4,100.0,194
16,Suryakumar Yadav,0,1,0.0,217
16,Tilak Varma,42,30,140.0,222
16,Tim David,13,11,118.18181818181819,223
16,Yash Dhull,2,4,50.0,247
17,Adam Zampa,1,1,100.0,10
17,Ajinkya Rahane,33,20,165.0,13
17,Ambati Rayudu,1,2,50.0,20
17,Devdutt Padikkal,38,26,146.15384615384616,53
17,Devon Conway,51,39,130.76923076923077,54
17,Dhruv Jurel,4,6,66.66666666666667,55
17,Jason Holder,0,1,0.0,83
17,Jos Buttler,58,38,152.6315789473684,90
17,MS Dhoni,34,19,178.94736842105263,120
17,Moeen Ali,7,10,70.0,137
17,Ravichandran Ashwin,33,25,132.0,183
17,Ravindra Jadeja,27,16,168.75,184
17,Ruturaj Gaikwad,9,10,90.0,195
17,Sanju Samson,0,2,0.0,204
17,Shimron Hetmyer,31,19,163.1578947368421,211
17,Shivam Dube,10,11,90.9090909090909,212
17,Yashasvi Jaiswal,10,8,125.0,249
18,Bhanuka Rajapaksa,23,28,82.14285714285714,36
18,David Miller,20,18,111.11111111111111,47
18,Hardik Pandya,12,11,109.0909090909091,68
18,Harpreet Brar,8,5,160.0,69
18,Jitesh Sharma,25,23,108.69565217391305,87
18,Matthew Short,40,27,148.14814814814815,130
18,Prabhsimran Singh,0,2,0.0,163
18,Rahul Tewatia,5,2,250.0,178
18,Rishi Dhawan,1,1,100.0,190
18,Sai Sudharsan,19,20,95.0,201
18,Sam Curran,24,24,100.0,202
18,Shahrukh Khan,23,10,230.0,208
18,Shikhar Dhawan,9,9,100.0,210
18,Shubman Gill,67,49,136.73469387755102,213
18,Wriddhiman Saha,31,19,163.1578947368421,244
19,Abhishek Sharma,34,19,178.94736842105263,8
19,Aiden Markram,51,27,188.88888888888889,12
19,Andre Russell,3,6,50.0,22
19,Harry Brook,108,58,186.20689655172413,71
19,Heinrich Klaasen,17,7,242.85714285714286,74
19,Mayank Agarwal,9,13,69.23076923076923,131
19,Narayan Jagadeesan,31,18,172.22222222222223,148
19,Nitish Rana,67,37,181.0810810810811,155
19,Rahmanullah Gurbaz,0,3,0.0,176
19,Rahul Tripathi,9,4,225.0,179
19,Rinku Singh,59,31,190.32258064516128,188
19,Shardul Thakur,12,7,171.42857142857142,209
19,Sunil Narine,0,1,0.0,216
19,Umesh Yadav,1,1,100.0,228
19,Venkatesh Iyer,12,12,100.0,234
19,n Sundar,20,12,166.66666666666666,254
20,Abishek Porel,5,8,62.5,9
20,Aman Hakim Khan,19,11,172.72727272727272,19
20,Anrich Nortje,23,14,164.28571428571428,24
20,Anuj Rawat,18,22,81.81818181818181,25
20,Axar Patel,21,14,150.0,32
20,David Warner,19,13,146.15384615384616,48
20,Dinesh Karthik,0,1,0.0,56
20,Faf du Plessis,22,16,137.5,60
20,Glenn Maxwell,24,14,171.42857142857142,64
20,Harshal Patel,7,4,175.0,72
20,Kuldeep Yadav,8,7,114.28571428571429,105
20,Lalit Yadav,4,7,57.142857142857146,110
20,Mahipal Lomror,27,18,150.0,122
20,Manish Pandey,51,39,130.76923076923077,125
20,Mitchell Marsh,0,4,0.0,135
20,Prithvi Shaw,0,2,0.0,166
20,Shahbaz Ahmed,24,14,171.42857142857142,207
20,Virat Kohli,52,35,148.57142857142858,237
20,Yash Dhull,1,4,25.0,247
21,Atharva Taide,0,3,0.0,30
21,Ayush Badoni,7,7,100.0,33
21,Deepak Hooda,2,3,66.66666666666667,52
21,Harpreet Brar,6,4,150.0,69
21,Harpreet Singh,23,22,104.54545454545455,70
21,Jitesh Sharma,2,4,50.0,87
21,KL Rahul,78,60,130.0,94
21,Kagiso Rabada,0,1,0.0,96
21,Krishnappa Gowtham,1,2,50.0,102
21,Krunal Pandya,23,17,135.2941176470588,103
21,Kyle Mayers,29,23,126.08695652173913,109
21,Marcus S,15,11,136.36363636363637,127
21,Matthew Short,35,22,159.0909090909091,130
21,Nicholas Pooran,1,2,50.0,153
21,Prabhsimran Singh,4,4,100.0,163
21,Ravi Bishnoi,3,1,300.0,182
21,Sam Curran,6,6,100.0,202
21,Shahrukh Khan,25,12,208.33333333333334,208
21,Sikandar Raza,60,44,136.36363636363637,214
21,Yudhvir Singh,0,1,0.0,250
22,Andre Russell,21,11,190.9090909090909,22
22,Cameron Green,1,1,100.0,40
22,Ishan Kishan,58,25,232.0,78
22,Narayan Jagadeesan,6,6,100.0,148
22,Nehal Wadhera,7,5,140.0,152
22,Nitish Rana,6,11,54.54545454545455,155
22,Rahmanullah Gurbaz,10,13,76.92307692307692,176
22,Rinku Singh,19,19,100.0,188
22,Rohit Sharma,22,14,157.14285714285714,192
22,Shardul Thakur,13,11,118.18181818181819,209
22,Sunil Narine,4,4,100.0,216
22,Suryakumar Yadav,43,25,172.0,217
22,Tilak Varma,30,25,120.0,222
22,Tim David,25,14,178.57142857142858,223
22,Venkatesh Iyer,106,53,200.0,234
23,Abhinav Manohar,27,13,207.69230769230768,7
23,David Miller,47,31,151.61290322580646,47
23,Devdutt Padikkal,27,25,108.0,53
23,Dhruv Jurel,18,10,180.0,55
23,Hardik Pandya,29,20,145.0,68
23,Jos Buttler,0,5,0.0,90
23,Rahul Tewatia,1,1,100.0,178
23,Rashid Khan,1,1,100.0,181
23,Ravichandran Ashwin,10,3,333.3333333333333,183
23,Riyan Parag,5,7,71.42857142857143,191
23,Sai Sudharsan,21,20,105.0,201
23,Sanju Samson,60,32,187.5,204
23,Shimron Hetmyer,57,27,211.11111111111111,211
23,Shubman Gill,46,34,135.2941176470588,213
23,Trent Boult,0,1,0.0,225
23,Wriddhiman Saha,5,4,125.0,244
23,Yashasvi Jaiswal,2,8,25.0,249
24,Ajinkya Rahane,37,20,185.0,13
24,Ambati Rayudu,14,6,233.33333333333334,20
24,Devon Conway,84,46,182.6086956521739,54
24,Dinesh Karthik,29,15,193.33333333333334,56
24,Faf du Plessis,62,33,187.87878787878788,60
24,Glenn Maxwell,77,37,208.1081081081081,64
24,MS Dhoni,1,1,100.0,120
24,Mahipal Lomror,4,5,80.0,122
24,Moeen Ali,22,10,220.0,137
24,Ravindra Jadeja,12,9,133.33333333333334,184
24,Ruturaj Gaikwad,3,6,50.0,195
24,Shahbaz Ahmed,13,10,130.0,207
24,Shivam Dube,53,28,189.28571428571428,212
24,Suyash Prabhudessai,22,14,157.14285714285714,218
24,Virat Kohli,6,4,150.0,237
24,Wanindu Hasaranga,2,2,100.0,241
24,Wayne Parnell,3,6,50.0,243
25,Abdul Samad,14,14,100.0,6
25,Abhishek Sharma,1,2,50.0,8
25,Aiden Markram,22,17,129.41176470588235,12
25,Bhuvneshwar Kumar,2,5,40.0,37
25,Cameron Green,47,29,162.06896551724137,40
25,Harry Brook,9,7,128.57142857142858,71
25,Heinrich Klaasen,37,17,217.64705882352942,74
25,Ishan Kishan,36,24,150.0,78
25,Marco Jansen,14,6,233.33333333333334,126
25,Mayank Agarwal,52,43,120.93023255813954,131
25,Mayank Markande,4,3,133.33333333333334,133
25,Rahul Tripathi,8,6,133.33333333333334,179
25,Rohit Sharma,16,14,114.28571428571429,192
25,Suryakumar Yadav,7,3,233.33333333333334,217
25,Tilak Varma,37,17,217.64705882352942,222
25,Tim David,16,11,145.45454545454547,223
25,Washing,15,7,214.28571428571428,242
25,n Sundar,33,24,137.5,254
26,Ayush Badoni,2,4,50.0,33
26,Deepak Hooda,2,4,50.0,52
26,Devdutt Padikkal,12,14,85.71428571428571,53
26,Dhruv Jurel,0,1,0.0,55
26,Jos Buttler,46,38,121.05263157894737,90
26,KL Rahul,39,32,121.875,94
26,Krunal Pandya,4,2,200.0,103
26,Kyle Mayers,56,43,130.2325581395349,109
26,Marcus S,21,16,131.25,127
26,Nicholas Pooran,29,20,145.0,153
26,Ravichandran Ashwin,3,2,150.0,183
26,Riyan Parag,16,12,133.33333333333334,191
26,Sanju Samson,1,1,100.0,204
26,Shimron Hetmyer,2,3,66.66666666666667,211
26,Yashasvi Jaiswal,36,28,128.57142857142858,249
26,Yudhvir Singh,1,1,100.0,250
26,inis,28,24,116.66666666666667,252
27,Atharva Taide,4,2,200.0,30
27,Dinesh Karthik,7,5,140.0,56
27,Faf du Plessis,82,53,154.71698113207546,60
27,Glenn Maxwell,0,1,0.0,64
27,Harpreet Brar,13,13,100.0,69
27,Harpreet Singh,13,9,144.44444444444446,70
27,Jitesh Sharma,45,28,160.71428571428572,87
27,Liam Livings,2,4,50.0,111
27,Mahipal Lomror,12,9,133.33333333333334,122
27,Matthew Short,8,7,114.28571428571429,130
27,Nathan Ellis,1,2,50.0,149
27,Prabhsimran Singh,47,31,151.61290322580646,163
27,Sam Curran,10,12,83.33333333333333,202
27,Shahbaz Ahmed,5,3,166.66666666666666,207
27,Shahrukh Khan,7,5,140.0,208
27,Virat Kohli,59,46,128.2608695652174,237
27,ne,9,6,150.0,255
28,Aman Hakim Khan,0,2,0.0,19
28,Andre Russell,42,35,120.0,22
28,Anukul Roy,0,1,0.0,26
28,Axar Patel,23,24,95.83333333333333,32
28,David Warner,59,42,140.47619047619048,48
28,Jason Roy,49,43,113.95348837209302,84
28,Lalit Yadav,4,7,57.142857142857146,110
28,Lit,4,4,100.0,112
28,Mandeep Singh,12,11,109.0909090909091,124
28,Manish Pandey,21,23,91.30434782608695,125
28,Mitchell Marsh,2,9,22.22222222222222,135
28,Nitish Rana,4,7,57.142857142857146,155
28,Philip Salt,5,3,166.66666666666666,161
28,Prithvi Shaw,14,11,127.27272727272727,166
28,Rinku Singh,6,8,75.0,188
28,Sunil Narine,4,6,66.66666666666667,216
28,Umesh Yadav,3,5,60.0,228
28,Varun Chakravarthy,3,8,37.5,233
28,Venkatesh Iyer,0,2,0.0,234
29,Abhishek Sharma,35,27,129.62962962962962,8
29,Aiden Markram,12,12,100.0,12
29,Ajinkya Rahane,7,8,87.5,13
29,Ambati Rayudu,9,9,100.0,20
29,Devon Conway,74,49,151.0204081632653,54
29,Harry Brook,18,13,138.46153846153845,71
29,Heinrich Klaasen,17,16,106.25,74
29,Marco Jansen,19,23,82.6086956521739,126
29,Mayank Agarwal,2,4,50.0,131
29,Moeen Ali,1,3,33.333333333333336,137
29,Rahul Tripathi,22,21,104.76190476190476,179
29,Ruturaj Gaikwad,31,27,114.81481481481481,195
29,Washing,9,6,150.0,242
29,n Sundar,16,16,100.0,254
30,Abhinav Manohar,3,5,60.0,7
30,Ayush Badoni,8,6,133.33333333333334,33
30,David Miller,6,10,60.0,47
30,Deepak Hooda,2,2,100.0,52
30,Hardik Pandya,55,42,130.95238095238096,68
30,KL Rahul,69,61,113.11475409836065,94
30,Krunal Pandya,24,24,100.0,103
30,Kyle Mayers,24,19,126.3157894736842,109
30,Marcus S,0,1,0.0,127
30,Nicholas Pooran,1,7,14.285714285714286,153
30,Ravi Bishnoi,0,1,0.0,182
30,Shubman Gill,0,2,0.0,213
30,Vijay Shankar,8,8,100.0,235
30,Wriddhiman Saha,43,35,122.85714285714286,244
30,inis,20,18,111.11111111111111,252
31,Atharva Taide,31,19,163.1578947368421,30
31,Cameron Green,63,40,157.5,40
31,Harpreet Brar,5,2,250.0,69
31,Harpreet Singh,44,28,157.14285714285714,70
31,Ishan Kishan,2,5,40.0,78
31,Jitesh Sharma,25,7,357.14285714285717,87
31,Jofra Archer,1,2,50.0,89
31,Liam Livings,11,14,78.57142857142857,111
31,Matthew Short,12,11,109.0909090909091,130
31,Nehal Wadhera,0,1,0.0,152
31,Prabhsimran Singh,27,18,150.0,163
31,Rohit Sharma,41,26,157.69230769230768,192
31,Sam Curran,58,30,193.33333333333334,202
31,Suryakumar Yadav,43,20,215.0,217
31,Tilak Varma,3,4,75.0,222
31,Tim David,25,13,192.30769230769232,223
31,ne,23,12,191.66666666666666,255
32,Abdul Basith,1,1,100.0,5
32,David Willey,4,2,200.0,50
32,Devdutt Padikkal,53,35,151.42857142857142,53
32,Dhruv Jurel,39,20,195.0,55
32,Dinesh Karthik,17,13,130.76923076923077,56
32,Faf du Plessis,62,39,158.97435897435898,60
32,Glenn Maxwell,87,47,185.10638297872342,64
32,Jos Buttler,0,2,0.0,90
32,Mahipal Lomror,8,6,133.33333333333334,122
32,Mohammed Siraj,1,1,100.0,139
32,Ravichandran Ashwin,12,6,200.0,183
32,Sanju Samson,23,15,153.33333333333334,204
32,Shahbaz Ahmed,2,4,50.0,207
32,Shimron Hetmyer,6,10,60.0,211
32,Suyash Prabhudessai,0,2,0.0,218
32,Vijaykumar Vyshak,0,1,0.0,236
32,Virat Kohli,0,1,0.0,237
32,Wanindu Hasaranga,8,9,88.88888888888889,241
32,Yashasvi Jaiswal,48,37,129.72972972972974,249
33,Ajinkya Rahane,73,31,235.48387096774192,13
33,Andre Russell,10,7,142.85714285714286,22
33,David Wiese,1,2,50.0,49
33,Devon Conway,56,40,140.0,54
33,Jason Roy,62,27,229.62962962962962,84
33,MS Dhoni,3,3,100.0,120
33,Narayan Jagadeesan,1,3,33.333333333333336,148
33,Nitish Rana,29,21,138.0952380952381,155
33,Ravindra Jadeja,18,8,225.0,184
33,Rinku Singh,56,36,155.55555555555554,188
33,Ruturaj Gaikwad,35,20,175.0,195
33,Shivam Dube,50,21,238.0952380952381,212
33,Sunil Narine,0,3,0.0,216
33,Umesh Yadav,6,6,100.0,228
33,Varun Chakravarthy,0,3,0.0,233
33,Venkatesh Iyer,21,21,100.0,234
34,Abhishek Sharma,5,5,100.0,8
34,Aiden Markram,3,5,60.0,12
34,Anrich Nortje,2,2,100.0,24
34,Axar Patel,32,28,114.28571428571429,32
34,David Warner,9,15,60.0,48
34,Harry Brook,7,14,50.0,71
34,Heinrich Klaasen,31,19,163.1578947368421,74
34,Ishant Sharma,1,1,100.0,79
34,Kuldeep Yadav,4,3,133.33333333333334,105
34,Manish Pandey,28,21,133.33333333333334,125
34,Marco Jansen,2,3,66.66666666666667,126
34,Mayank Agarwal,50,39,128.2051282051282,131
34,Mitchell Marsh,25,12,208.33333333333334,135
34,Philip Salt,0,1,0.0,161
34,Rahul Tripathi,15,21,71.42857142857143,179
34,Ripal Patel,5,6,83.33333333333333,189
34,Sarfaraz Khan,10,8,125.0,206
34,Washing,24,15,160.0,242
34,n Sundar,28,24,116.66666666666667,254
35,Abhinav Manohar,42,21,200.0,7
35,Arjun Tendulkar,13,9,144.44444444444446,27
35,Cameron Green,37,26,142.30769230769232,40
35,David Miller,47,23,204.34782608695653,47
35,Hardik Pandya,13,14,92.85714285714286,68
35,Ishan Kishan,13,21,61.904761904761905,78
35,Jason Behrendorff,3,4,75.0,82
35,Nehal Wadhera,40,21,190.47619047619048,152
35,Piyush Chawla,18,12,150.0,162
35,Rahul Tewatia,21,6,350.0,178
35,Rashid Khan,2,1,200.0,181
35,Riley Meredith,0,2,0.0,187
35,Rohit Sharma,3,9,33.333333333333336,192
35,Shubman Gill,58,36,161.11111111111111,213
35,Suryakumar Yadav,23,12,191.66666666666666,217
35,Tilak Varma,2,3,66.66666666666667,222
35,Tim David,0,2,0.0,223
35,Vijay Shankar,20,17,117.6470588235294,235
35,Wriddhiman Saha,4,7,57.142857142857146,244
36,Andre Russell,1,2,50.0,22
36,David Wiese,13,3,433.3333333333333,49
36,David Willey,12,10,120.0,50
36,Dinesh Karthik,22,18,122.22222222222223,56
36,Faf du Plessis,18,7,257.14285714285717,60
36,Glenn Maxwell,5,4,125.0,64
36,Jason Roy,56,29,193.10344827586206,84
36,Mahipal Lomror,34,18,188.88888888888889,122
36,Narayan Jagadeesan,28,30,93.33333333333333,148
36,Nitish Rana,49,22,222.72727272727272,155
36,Rinku Singh,18,10,180.0,188
36,Shahbaz Ahmed,2,5,40.0,207
36,Suyash Prabhudessai,11,9,122.22222222222223,218
36,Venkatesh Iyer,35,29,120.6896551724138,234
36,Vijaykumar Vyshak,15,9,166.66666666666666,236
36,Virat Kohli,55,38,144.73684210526315,237
36,Wanindu Hasaranga,5,4,125.0,241
37,Ajinkya Rahane,15,13,115.38461538461539,13
37,Ambati Rayudu,0,2,0.0,20
37,Devdutt Padikkal,29,14,207.14285714285714,53
37,Devon Conway,8,16,50.0,54
37,Dhruv Jurel,34,15,226.66666666666666,55
37,Jos Buttler,32,22,145.45454545454547,90
37,Moeen Ali,23,12,191.66666666666666,137
37,Ravichandran Ashwin,1,1,100.0,183
37,Ravindra Jadeja,23,15,153.33333333333334,184
37,Ruturaj Gaikwad,47,29,162.06896551724137,195
37,Sanju Samson,18,18,100.0,204
37,Shimron Hetmyer,9,10,90.0,211
37,Shivam Dube,54,34,158.8235294117647,212
37,Yashasvi Jaiswal,79,44,179.54545454545453,249
38,Arshdeep Singh,2,2,100.0,29
38,Atharva Taide,51,30,170.0,30
38,Ayush Badoni,39,23,169.56521739130434,33
38,Deepak Hooda,11,6,183.33333333333334,52
38,Jitesh Sharma,27,10,270.0,87
38,KL Rahul,12,9,133.33333333333334,94
38,Kagiso Rabada,0,1,0.0,96
38,Krunal Pandya,6,3,200.0,103
38,Kyle Mayers,58,26,223.07692307692307,109
38,Liam Livings,23,14,164.28571428571428,111
38,Marcus S,78,39,200.0,127
38,Nicholas Pooran,34,17,200.0,153
38,Prabhsimran Singh,8,10,80.0,163
38,Rahul Chahar,1,2,50.0,177
38,Sam Curran,23,12,191.66666666666666,202
38,Shahrukh Khan,7,10,70.0,208
38,Sikandar Raza,37,22,168.1818181818182,214
38,inis,22,15,146.66666666666666,252
38,ne,19,6,316.6666666666667,255
39,Andre Russell,34,19,178.94736842105263,22
39,David Miller,32,18,177.77777777777777,47
39,David Wiese,8,6,133.33333333333334,49
39,Hardik Pandya,26,20,130.0,68
39,Narayan Jagadeesan,20,16,125.0,148
39,Nitish Rana,4,3,133.33333333333334,155
39,Rahmanullah Gurbaz,82,40,205.0,176
39,Rinku Singh,19,20,95.0,188
39,Shardul Thakur,0,4,0.0,209
39,Shubman Gill,54,36,150.0,213
39,Venkatesh Iyer,12,15,80.0,234
39,Vijay Shankar,57,26,219.23076923076923,235
39,Wriddhiman Saha,11,10,110.0,244
40,Abdul Samad,29,21,138.0952380952381,6
40,Abhishek Sharma,68,37,183.78378378378378,8
40,Aiden Markram,8,13,61.53846153846154,12
40,Akeal Hosein,17,11,154.54545454545453,17
40,Axar Patel,32,17,188.23529411764707,32
40,David Warner,0,2,0.0,48
40,Harry Brook,0,2,0.0,71
40,Heinrich Klaasen,57,30,190.0,74
40,Manish Pandey,1,3,33.333333333333336,125
40,Mayank Agarwal,7,8,87.5,131
40,Mitchell Marsh,64,39,164.10256410256412,135
40,Philip Salt,59,35,168.57142857142858,161
40,Priyam Garg,12,9,133.33333333333334,167
40,Rahul Tripathi,11,7,157.14285714285714,179
40,Ripal Patel,11,8,137.5,189
40,Sarfaraz Khan,9,10,90.0,206
41,Atharva Taide,13,17,76.47058823529412,30
41,Devon Conway,83,50,166.0,54
41,Jitesh Sharma,23,12,191.66666666666666,87
41,Liam Livings,45,24,187.5,111
41,MS Dhoni,13,4,325.0,120
41,Moeen Ali,5,4,125.0,137
41,Prabhsimran Singh,43,24,179.16666666666666,163
41,Ravindra Jadeja,12,10,120.0,184
41,Ruturaj Gaikwad,41,34,120.58823529411765,195
41,Sam Curran,31,21,147.61904761904762,202
41,Shahrukh Khan,3,3,100.0,208
41,Shikhar Dhawan,29,16,181.25,210
41,Shivam Dube,30,19,157.89473684210526,212
41,Sikandar Raza,14,8,175.0,214
41,ne,16,6,266.6666666666667,255
42,Cameron Green,45,27,166.66666666666666,40
42,Devdutt Padikkal,3,5,60.0,53
42,Dhruv Jurel,2,3,66.66666666666667,55
42,Ishan Kishan,30,24,125.0,78
42,Jason Holder,12,10,120.0,83
42,Jos Buttler,27,23,117.3913043478261,90
42,Ravichandran Ashwin,9,6,150.0,183
42,Rohit Sharma,4,6,66.66666666666667,192
42,Sanju Samson,15,11,136.36363636363637,204
42,Shimron Hetmyer,8,9,88.88888888888889,211
42,Suryakumar Yadav,57,29,196.55172413793105,217
42,Tilak Varma,32,24,133.33333333333334,222
42,Tim David,46,15,306.6666666666667,223
42,Trent Boult,2,1,200.0,225
42,Yashasvi Jaiswal,134,65,206.15384615384616,249
43,Amit Mishra,19,30,63.333333333333336,21
43,Anuj Rawat,9,11,81.81818181818181,25
43,Ayush Badoni,4,11,36.36363636363637,33
43,Deepak Hooda,1,2,50.0,52
43,Dinesh Karthik,16,11,145.45454545454547,56
43,Faf du Plessis,35,36,97.22222222222223,60
43,Glenn Maxwell,4,5,80.0,64
43,Josh Hazlewood,1,2,50.0,91
43,KL Rahul,1,3,33.333333333333336,94
43,Karn Sharma,2,2,100.0,98
43,Krishnappa Gowtham,23,13,176.92307692307693,102
43,Krunal Pandya,16,13,123.07692307692308,103
43,Kyle Mayers,0,2,0.0,109
43,Mahipal Lomror,3,4,75.0,122
43,Marcus S,13,19,68.42105263157895,127
43,Mohammed Siraj,0,1,0.0,139
43,Naveen-ul-Haq,17,14,121.42857142857143,151
43,Nicholas Pooran,9,7,128.57142857142858,153
43,Ravi Bishnoi,5,10,50.0,182
43,Suyash Prabhudessai,6,7,85.71428571428571,218
43,Virat Kohli,31,30,103.33333333333333,237
43,Wanindu Hasaranga,8,7,114.28571428571429,241
43,inis,11,6,183.33333333333334,252
44,Abhinav Manohar,30,36,83.33333333333333,7
44,Aman Hakim Khan,52,44,118.18181818181819,19
44,Anrich Nortje,3,6,50.0,24
44,Axar Patel,29,32,90.625,32
44,David Miller,0,3,0.0,47
44,David Warner,2,2,100.0,48
44,Hardik Pandya,59,53,111.32075471698113,68
44,Kuldeep Yadav,0,1,0.0,105
44,Manish Pandey,1,4,25.0,125
44,Philip Salt,0,1,0.0,161
44,Priyam Garg,11,14,78.57142857142857,167
44,Rahul Tewatia,20,7,285.7142857142857,178
44,Rashid Khan,3,2,150.0,181
44,Rilee Rossouw,8,6,133.33333333333334,186
44,Ripal Patel,24,14,171.42857142857142,189
44,Shubman Gill,6,7,85.71428571428571,213
44,Vijay Shankar,7,10,70.0,235
44,Wriddhiman Saha,0,6,0.0,244
45,Ayush Badoni,65,35,185.71428571428572,33
45,Karan Sharma,9,16,56.25,97
45,Krishnappa Gowtham,1,3,33.333333333333336,102
45,Krunal Pandya,0,1,0.0,103
45,Kyle Mayers,14,17,82.3529411764706,109
45,Manan Vohra,10,11,90.9090909090909,123
45,Marcus S,6,4,150.0,127
45,Nicholas Pooran,20,31,64.51612903225806,153
46,Cameron Green,28,19,147.3684210526316,40
46,Ishan Kishan,75,41,182.9268292682927,78
46,Jitesh Sharma,55,29,189.6551724137931,87
46,Liam Livings,89,43,206.97674418604652,111
46,Matthew Short,28,27,103.70370370370371,130
46,Prabhsimran Singh,9,7,128.57142857142858,163
46,Rohit Sharma,0,3,0.0,192
46,Shikhar Dhawan,33,22,150.0,210
46,Suryakumar Yadav,68,33,206.06060606060606,217
46,Tilak Varma,26,10,260.0,222
46,Tim David,19,10,190.0,223
47,Abdul Samad,22,18,122.22222222222223,6
47,Abhishek Sharma,11,10,110.0,8
47,Aiden Markram,43,42,102.38095238095238,12
47,Andre Russell,24,15,160.0,22
47,Anukul Roy,13,7,185.71428571428572,26
47,Bhuvneshwar Kumar,6,5,120.0,37
47,Harry Brook,0,4,0.0,71
47,Harshit Rana,0,1,0.0,73
47,Heinrich Klaasen,36,20,180.0,74
47,Jason Roy,22,20,110.0,84
47,Marco Jansen,5,5,100.0,126
47,Mayank Agarwal,21,12,175.0,131
47,Mayank Markande,1,2,50.0,133
47,Nitish Rana,43,31,138.70967741935485,155
47,Rahmanullah Gurbaz,0,1,0.0,176
47,Rahul Tripathi,21,9,233.33333333333334,179
47,Rinku Singh,50,38,131.57894736842104,188
47,Shardul Thakur,9,7,128.57142857142858,209
47,Sunil Narine,1,2,50.0,216
47,Vaibhav Arora,2,1,200.0,232
47,Venkatesh Iyer,7,4,175.0,234
48,Adam Zampa,8,10,80.0,10
48,Devdutt Padikkal,13,13,100.0,53
48,Dhruv Jurel,9,8,112.5,55
48,Hardik Pandya,39,15,260.0,68
48,Jos Buttler,9,7,128.57142857142858,90
48,Ravichandran Ashwin,2,6,33.333333333333336,183
48,Riyan Parag,4,6,66.66666666666667,191
48,Sandeep Sharma,3,6,50.0,203
48,Sanju Samson,30,20,150.0,204
48,Shimron Hetmyer,8,14,57.142857142857146,211
48,Shubman Gill,37,35,105.71428571428571,213
48,Trent Boult,17,13,130.76923076923077,225
48,Wriddhiman Saha,43,34,126.47058823529412,244
48,Yashasvi Jaiswal,15,11,136.36363636363637,249
49,Ajinkya Rahane,22,17,129.41176470588235,13
49,Ambati Rayudu,12,11,109.0909090909091,20
49,Arshad Khan,1,2,50.0,28
49,Cameron Green,6,4,150.0,40
49,Devon Conway,46,43,106.97674418604652,54
49,Ishan Kishan,7,9,77.77777777777777,78
49,Jofra Archer,3,2,150.0,89
49,MS Dhoni,2,3,66.66666666666667,120
49,Nehal Wadhera,68,51,133.33333333333334,152
49,Piyush Chawla,2,2,100.0,162
49,Rohit Sharma,0,3,0.0,192
49,Ruturaj Gaikwad,32,17,188.23529411764707,195
49,Shivam Dube,26,18,144.44444444444446,212
49,Suryakumar Yadav,29,23,126.08695652173913,217
49,Tim David,3,5,60.0,223
49,Tristan Stubbs,20,21,95.23809523809524,226
50,Anuj Rawat,8,3,266.6666666666667,25
50,Axar Patel,8,3,266.6666666666667,32
50,David Warner,23,14,164.28571428571428,48
50,Dinesh Karthik,11,9,122.22222222222223,56
50,Faf du Plessis,46,33,139.3939393939394,60
50,Glenn Maxwell,0,1,0.0,64
50,Mahipal Lomror,60,32,187.5,122
50,Mitchell Marsh,26,17,152.94117647058823,135
50,Philip Salt,93,46,202.17391304347825,161
50,Rilee Rossouw,37,23,160.8695652173913,186
50,Virat Kohli,56,47,119.14893617021276,237
51,Ayush Badoni,23,12,191.66666666666666,33
51,David Miller,22,12,183.33333333333334,47
51,Deepak Hooda,11,11,100.0,52
51,Hardik Pandya,12,11,109.0909090909091,68
51,Krunal Pandya,0,1,0.0,103
51,Kyle Mayers,51,35,145.71428571428572,109
51,Marcus S,5,9,55.55555555555556,127
51,Nicholas Pooran,3,6,50.0,153
51,Quin,72,42,171.42857142857142,168
51,Ravi Bishnoi,4,5,80.0,182
51,Shubman Gill,89,51,174.50980392156862,213
51,Swapnil Singh,2,4,50.0,220
51,Wriddhiman Saha,84,45,186.66666666666666,244
51,inis,20,6,333.3333333333333,252
52,Abdul Samad,18,7,257.14285714285717,6
52,Abhishek Sharma,57,36,158.33333333333334,8
52,Aiden Markram,6,5,120.0,12
52,Anmolpreet Singh,33,25,132.0,23
52,Glenn Phillips,25,7,357.14285714285717,65
52,Heinrich Klaasen,26,12,216.66666666666666,74
52,Jos Buttler,104,63,165.0793650793651,90
52,Marco Jansen,3,2,150.0,126
52,Rahul Tripathi,49,31,158.06451612903226,179
52,Sanju Samson,67,38,176.31578947368422,204
52,Shimron Hetmyer,7,5,140.0,211
52,Yashasvi Jaiswal,36,19,189.47368421052633,249
53,Andre Russell,43,24,179.16666666666666,22
53,Bhanuka Rajapaksa,1,3,33.333333333333336,36
53,Harpreet Brar,18,10,180.0,69
53,Jason Roy,29,20,145.0,84
53,Jitesh Sharma,22,19,115.78947368421052,87
53,Liam Livings,16,9,177.77777777777777,111
53,Nitish Rana,35,32,109.375,155
53,Prabhsimran Singh,12,8,150.0,163
53,Rahmanullah Gurbaz,17,13,130.76923076923077,176
53,Rinku Singh,21,10,210.0,188
53,Rishi Dhawan,19,11,172.72727272727272,190
53,Sam Curran,4,9,44.44444444444444,202
53,Shahrukh Khan,22,9,244.44444444444446,208
53,Shikhar Dhawan,65,48,135.41666666666666,210
53,Venkatesh Iyer,10,12,83.33333333333333,234
53,ne,27,12,225.0,255
54,Anuj Rawat,6,4,150.0,25
54,Cameron Green,2,2,100.0,40
54,Dinesh Karthik,30,18,166.66666666666666,56
54,Faf du Plessis,68,43,158.13953488372093,60
54,Glenn Maxwell,69,33,209.0909090909091,64
54,Ishan Kishan,44,22,200.0,78
54,Kedar Jadhav,12,10,120.0,100
54,Mahipal Lomror,1,3,33.333333333333336,122
54,Nehal Wadhera,61,37,164.86486486486487,152
54,Rohit Sharma,7,8,87.5,192
54,Suryakumar Yadav,86,36,238.88888888888889,217
54,Tim David,0,1,0.0,223
54,Virat Kohli,1,4,25.0,237
54,Wanindu Hasaranga,12,8,150.0,241
55,Ajinkya Rahane,21,20,105.0,13
55,Aman Hakim Khan,8,5,160.0,19
55,Ambati Rayudu,24,18,133.33333333333334,20
55,Axar Patel,23,14,164.28571428571428,32
55,David Warner,0,2,0.0,48
55,Deepak Chahar,1,2,50.0,51
55,Devon Conway,14,15,93.33333333333333,54
55,Kuldeep Yadav,0,1,0.0,105
55,Lalit Yadav,12,5,240.0,110
55,MS Dhoni,22,11,200.0,120
55,Manish Pandey,27,29,93.10344827586206,125
55,Mitchell Marsh,6,4,150.0,135
55,Moeen Ali,8,12,66.66666666666667,137
55,Philip Salt,18,12,150.0,161
55,Ravindra Jadeja,24,18,133.33333333333334,184
55,Rilee Rossouw,35,37,94.5945945945946,186
55,Ripal Patel,11,16,68.75,189
55,Ruturaj Gaikwad,25,19,131.57894736842104,195
55,Shivam Dube,27,14,192.85714285714286,212
55,Tushar Deshpande,1,1,100.0,227
56,Andre Russell,10,10,100.0,22
56,Anukul Roy,6,6,100.0,26
56,Jason Roy,10,8,125.0,84
56,Jos Buttler,3,5,60.0,90
56,Nitish Rana,23,17,135.2941176470588,155
56,Rahmanullah Gurbaz,18,12,150.0,176
56,Rinku Singh,16,18,88.88888888888889,188
56,Sanju Samson,48,29,165.51724137931035,204
56,Shardul Thakur,1,2,50.0,209
56,Sunil Narine,6,5,120.0,216
56,Venkatesh Iyer,59,43,137.2093023255814,234
56,Yashasvi Jaiswal,100,48,208.33333333333334,249
57,Abhinav Manohar,2,3,66.66666666666667,7
57,Alzarri Joseph,8,12,66.66666666666667,18
57,Cameron Green,3,3,100.0,40
57,David Miller,43,26,165.3846153846154,47
57,Hardik Pandya,4,3,133.33333333333334,68
57,Ishan Kishan,32,20,160.0,78
57,Nehal Wadhera,15,7,214.28571428571428,152
57,Noor Ahmad,1,3,33.333333333333336,156
57,Rahul Tewatia,14,13,107.6923076923077,178
57,Rashid Khan,82,35,234.28571428571428,181
57,Rohit Sharma,29,18,161.11111111111111,192
57,Shubman Gill,6,9,66.66666666666667,213
57,Suryakumar Yadav,104,49,212.24489795918367,217
57,Tim David,5,3,166.66666666666666,223
57,Vijay Shankar,29,14,207.14285714285714,235
57,Vishnu Vinod,30,20,150.0,238
57,Wriddhiman Saha,2,5,40.0,244
58,Abdul Samad,37,25,148.0,6
58,Abhishek Sharma,9,6,150.0,8
58,Aiden Markram,28,20,140.0,12
58,Anmolpreet Singh,36,27,133.33333333333334,23
58,Bhuvneshwar Kumar,2,1,200.0,37
58,Glenn Phillips,0,1,0.0,65
58,Heinrich Klaasen,48,30,160.0,74
58,Kyle Mayers,4,15,26.666666666666668,109
58,Marcus S,42,27,155.55555555555554,127
58,Nicholas Pooran,44,13,338.46153846153845,153
58,Prerak Mankad,66,47,140.4255319148936,165
58,Quin,29,19,152.6315789473684,168
58,Rahul Tripathi,22,13,169.23076923076923,179
59,Aman Hakim Khan,16,18,88.88888888888889,19
59,Axar Patel,1,2,50.0,32
59,David Warner,54,27,200.0,48
59,Harpreet Brar,2,5,40.0,69
59,Jitesh Sharma,5,5,100.0,87
59,Kuldeep Yadav,10,17,58.8235294117647,105
59,Liam Livings,4,5,80.0,111
59,Manish Pandey,1,3,33.333333333333336,125
59,Mitchell Marsh,3,4,75.0,135
59,Mukesh Kumar,7,8,87.5,143
59,Philip Salt,21,17,123.52941176470588,161
59,Prabhsimran Singh,112,68,164.7058823529412,163
59,Praveen Dubey,16,20,80.0,164
59,Rilee Rossouw,7,7,100.0,186
59,Sam Curran,21,25,84.0,202
59,Shahrukh Khan,2,4,50.0,208
59,Shikhar Dhawan,9,7,128.57142857142858,210
59,Sikandar Raza,12,8,150.0,214
60,Adam Zampa,2,6,33.333333333333336,10
60,Anuj Rawat,29,11,263.6363636363636,25
60,Devdutt Padikkal,5,4,125.0,53
60,Dhruv Jurel,1,7,14.285714285714286,55
60,Dinesh Karthik,0,2,0.0,56
60,Faf du Plessis,56,45,124.44444444444444,60
60,Glenn Maxwell,57,35,162.85714285714286,64
60,Joe Root,10,15,66.66666666666667,88
60,Jos Buttler,1,3,33.333333333333336,90
60,KM Asif,0,2,0.0,95
60,Mahipal Lomror,1,2,50.0,122
60,Michael Bracewell,9,9,100.0,134
60,Sandeep Sharma,0,1,0.0,203
60,Sanju Samson,4,5,80.0,204
60,Shimron Hetmyer,35,19,184.21052631578948,211
60,Virat Kohli,19,20,95.0,237
60,Yashasvi Jaiswal,1,3,33.333333333333336,249
61,Ajinkya Rahane,16,11,145.45454545454547,13
61,Ambati Rayudu,4,7,57.142857142857146,20
61,Andre Russell,2,2,100.0,22
61,Devon Conway,30,28,107.14285714285714,54
61,Jason Roy,13,16,81.25,84
61,MS Dhoni,4,4,100.0,120
61,Moeen Ali,1,2,50.0,137
61,Nitish Rana,64,47,136.17021276595744,155
61,Rahmanullah Gurbaz,2,5,40.0,176
61,Ravindra Jadeja,21,24,87.5,184
61,Rinku Singh,57,44,129.54545454545453,188
61,Ruturaj Gaikwad,17,13,130.76923076923077,195
61,Shivam Dube,51,36,141.66666666666666,212
61,Venkatesh Iyer,9,4,225.0,234
62,Abdul Samad,4,3,133.33333333333334,6
62,Abhishek Sharma,6,6,100.0,8
62,Aiden Markram,10,10,100.0,12
62,Anmolpreet Singh,5,4,125.0,23
62,Bhuvneshwar Kumar,33,28,117.85714285714286,37
62,Dasun Shanaka,9,7,128.57142857142858,46
62,David Miller,7,5,140.0,47
62,Fazalhaq Farooqi,1,5,20.0,61
62,Hardik Pandya,8,6,133.33333333333334,68
62,Heinrich Klaasen,66,46,143.47826086956522,74
62,Marco Jansen,3,6,50.0,126
62,Mayank Markande,18,9,200.0,133
62,Mohammed Shami,0,1,0.0,138
62,Mohit Sharma,1,1,100.0,141
62,Noor Ahmad,0,1,0.0,156
62,Rahul Tewatia,4,4,100.0,178
62,Rahul Tripathi,1,2,50.0,179
62,Rashid Khan,0,1,0.0,181
62,Sai Sudharsan,57,40,142.5,201
62,Sanvir Singh,7,6,116.66666666666667,205
62,Shubman Gill,102,59,172.88135593220338,213
62,Wriddhiman Saha,0,3,0.0,244
63,Cameron Green,5,7,71.42857142857143,40
63,Deepak Hooda,5,7,71.42857142857143,52
63,Ishan Kishan,61,41,148.78048780487805,78
63,Krunal Pandya,51,42,121.42857142857143,103
63,Marcus S,92,50,184.0,127
63,Nehal Wadhera,17,21,80.95238095238095,152
63,Nicholas Pooran,12,10,120.0,153
63,Prerak Mankad,0,1,0.0,165
63,Quin,17,15,113.33333333333333,168
63,Rohit Sharma,39,27,144.44444444444446,192
63,Suryakumar Yadav,7,9,77.77777777777777,217
63,Tim David,39,21,185.71428571428572,223
63,Vishnu Vinod,4,4,100.0,238
64,Atharva Taide,59,43,137.2093023255814,30
64,David Warner,46,31,148.38709677419354,48
64,Harpreet Brar,0,1,0.0,69
64,Jitesh Sharma,0,3,0.0,87
64,Liam Livings,98,49,200.0,111
64,Philip Salt,26,14,185.71428571428572,161
64,Prabhsimran Singh,22,19,115.78947368421052,163
64,Prithvi Shaw,56,40,140.0,166
64,Rilee Rossouw,85,40,212.5,186
64,Sam Curran,12,5,240.0,202
64,Shahrukh Khan,6,3,200.0,208
64,Shikhar Dhawan,0,1,0.0,210
65,Abhishek Sharma,12,15,80.0,8
65,Aiden Markram,18,20,90.0,12
65,Faf du Plessis,73,48,152.08333333333334,60
65,Glenn Maxwell,5,3,166.66666666666666,64
65,Glenn Phillips,5,4,125.0,65
65,Harry Brook,31,21,147.61904761904762,71
65,Heinrich Klaasen,105,52,201.92307692307693,74
65,Michael Bracewell,5,5,100.0,134
65,Rahul Tripathi,15,12,125.0,179
65,Virat Kohli,104,65,160.0,237
66,Atharva Taide,19,12,158.33333333333334,30
66,Devdutt Padikkal,51,30,170.0,53
66,Dhruv Jurel,10,4,250.0,55
66,Jitesh Sharma,44,28,157.14285714285714,87
66,Jos Buttler,0,4,0.0,90
66,Liam Livings,9,13,69.23076923076923,111
66,Prabhsimran Singh,2,2,100.0,163
66,Riyan Parag,22,13,169.23076923076923,191
66,Sam Curran,52,34,152.94117647058823,202
66,Sanju Samson,2,3,66.66666666666667,204
66,Shahrukh Khan,42,24,175.0,208
66,Shikhar Dhawan,19,13,146.15384615384616,210
66,Shimron Hetmyer,50,32,156.25,211
66,Trent Boult,1,2,50.0,225
66,Yashasvi Jaiswal,53,38,139.47368421052633,249
67,Aman Hakim Khan,10,11,90.9090909090909,19
67,Anrich Nortje,1,1,100.0,24
67,Axar Patel,16,9,177.77777777777777,32
67,Chetan Sakariya,0,2,0.0,41
67,David Warner,88,60,146.66666666666666,48
67,Devon Conway,90,53,169.81132075471697,54
67,Kuldeep Yadav,0,1,0.0,105
67,Lalit Yadav,10,14,71.42857142857143,110
67,MS Dhoni,7,5,140.0,120
67,Philip Salt,3,6,50.0,161
67,Prithvi Shaw,5,7,71.42857142857143,166
67,Ravindra Jadeja,21,8,262.5,184
67,Rilee Rossouw,0,1,0.0,186
67,Ruturaj Gaikwad,80,51,156.86274509803923,195
67,Shivam Dube,25,12,208.33333333333334,212
67,Yash Dhull,13,15,86.66666666666667,247
68,Andre Russell,7,9,77.77777777777777,22
68,Ayush Badoni,26,22,118.18181818181819,33
68,Jason Roy,47,29,162.06896551724137,84
68,Karan Sharma,3,5,60.0,97
68,Krishnappa Gowtham,11,4,275.0,102
68,Krunal Pandya,9,8,112.5,103
68,Marcus S,0,2,0.0,127
68,Naveen-ul-Haq,3,3,100.0,151
68,Nicholas Pooran,61,33,184.84848484848484,153
68,Nitish Rana,8,10,80.0,155
68,Prerak Mankad,31,20,155.0,165
68,Quin,29,27,107.4074074074074,168
68,Rahmanullah Gurbaz,13,16,81.25,176
68,Ravi Bishnoi,3,3,100.0,182
68,Rinku Singh,69,35,197.14285714285714,188
68,Shardul Thakur,4,7,57.142857142857146,209
68,Sunil Narine,2,3,66.66666666666667,216
68,Vaibhav Arora,1,1,100.0,232
68,Venkatesh Iyer,24,15,160.0,234
69,Aiden Markram,13,7,185.71428571428572,12
69,Cameron Green,103,47,219.14893617021278,40
69,Glenn Phillips,1,4,25.0,65
69,Harry Brook,0,1,0.0,71
69,Heinrich Klaasen,20,13,153.84615384615384,74
69,Ishan Kishan,14,12,116.66666666666667,78
69,Mayank Agarwal,86,48,179.16666666666666,131
69,Rohit Sharma,59,38,155.26315789473685,192
69,Sanvir Singh,5,3,166.66666666666666,205
69,Suryakumar Yadav,25,16,156.25,217
69,Vivrant Sharma,75,50,150.0,239
70,Anuj Rawat,24,16,150.0,25
70,Dasun Shanaka,0,3,0.0,46
70,David Miller,8,8,100.0,47
70,Dinesh Karthik,0,1,0.0,56
70,Faf du Plessis,28,19,147.3684210526316,60
70,Glenn Maxwell,11,5,220.0,64
70,Mahipal Lomror,1,4,25.0,122
70,Michael Bracewell,29,17,170.58823529411765,134
70,Rahul Tewatia,4,5,80.0,178
70,Shubman Gill,109,56,194.64285714285714,213
70,Vijay Shankar,60,36,166.66666666666666,235
70,Virat Kohli,103,63,163.4920634920635,237
70,Wriddhiman Saha,17,15,113.33333333333333,244
71,Ajinkya Rahane,17,10,170.0,13
71,Ambati Rayudu,17,9,188.88888888888889,20
71,Darshan Nalkande,0,1,0.0,45
71,Dasun Shanaka,17,16,106.25,46
71,David Miller,5,7,71.42857142857143,47
71,Devon Conway,41,34,120.58823529411765,54
71,Hardik Pandya,8,7,114.28571428571429,68
71,MS Dhoni,1,2,50.0,120
71,Moeen Ali,11,4,275.0,137
71,Mohammed Shami,8,7,114.28571428571429,138
71,Noor Ahmad,7,5,140.0,156
71,Rahul Tewatia,4,6,66.66666666666667,178
71,Rashid Khan,33,18,183.33333333333334,181
71,Ravindra Jadeja,22,16,137.5,184
71,Ruturaj Gaikwad,62,44,140.9090909090909,195
71,Shivam Dube,1,3,33.333333333333336,212
71,Shubman Gill,46,41,112.1951219512195,213
71,Vijay Shankar,17,13,130.76923076923077,235
71,Wriddhiman Saha,12,11,109.0909090909091,244
72,Ayush Badoni,1,7,14.285714285714286,33
72,Cameron Green,41,23,178.2608695652174,40
72,Chris Jordan,8,7,114.28571428571429,42
72,Deepak Hooda,16,14,114.28571428571429,52
72,Hrithik Shokeen,0,1,0.0,76
72,Ishan Kishan,15,12,125.0,78
72,Krishnappa Gowtham,2,3,66.66666666666667,102
72,Krunal Pandya,8,11,72.72727272727273,103
72,Kyle Mayers,20,13,153.84615384615384,109
72,Marcus S,46,29,158.6206896551724,127
72,Mohsin Khan,0,7,0.0,142
72,Naveen-ul-Haq,1,5,20.0,151
72,Nehal Wadhera,23,12,191.66666666666666,152
72,Nicholas Pooran,0,1,0.0,153
72,Prerak Mankad,3,6,50.0,165
72,Ravi Bishnoi,4,6,66.66666666666667,182
72,Rohit Sharma,15,10,150.0,192
72,Suryakumar Yadav,33,20,165.0,217
72,Tilak Varma,31,25,124.0,222
72,Tim David,16,16,100.0,223
73,Cameron Green,32,21,152.38095238095238,40
73,Chris Jordan,3,6,50.0,42
73,Hardik Pandya,29,13,223.07692307692307,68
73,Jason Behrendorff,3,5,60.0,82
73,Kumar Kartikeya,7,7,100.0,108
73,Nehal Wadhera,4,3,133.33333333333334,152
73,Piyush Chawla,1,2,50.0,162
73,Rashid Khan,7,3,233.33333333333334,181
73,Rohit Sharma,8,7,114.28571428571429,192
73,Sai Sudharsan,45,31,145.16129032258064,201
73,Shubman Gill,133,63,211.11111111111111,213
73,Suryakumar Yadav,62,39,158.97435897435898,217
73,Tilak Varma,43,14,307.14285714285717,222
73,Tim David,2,3,66.66666666666667,223
73,Vishnu Vinod,6,8,75.0,238
73,Wriddhiman Saha,18,17,105.88235294117646,244
74,Ajinkya Rahane,28,14,200.0,13
74,Ambati Rayudu,19,8,237.5,20
74,Devon Conway,51,28,182.14285714285714,54
74,Hardik Pandya,22,12,183.33333333333334,68
74,MS Dhoni,0,1,0.0,120
74,Rashid Khan,1,2,50.0,181
74,Ravindra Jadeja,15,6,250.0,184
74,Ruturaj Gaikwad,26,16,162.5,195
74,Sai Sudharsan,97,48,202.08333333333334,201
74,Shivam Dube,32,21,152.38095238095238,212
74,Shubman Gill,39,20,195.0,213
74,Wriddhiman Saha,55,40,137.5,244
